Date,AMP,APO,AXP,BAC,BEN,BLK,BX,C,CME,COF,GS,ICE,IVZ,JPM,KKR,MCO,MS,MSCI,NDAQ,NTRS,PNC,RJF,SCHW,SPGI,STT,TFC,TROW,USB,WFC
2024-09-30,474.7432556152344,131.42138671875,270.8237609863281,38.369895935058594,17.860424041748047,910.5855712890625,142.1470184326172,59.514522552490234,206.820556640625,149.27195739746094,475.8983154296875,158.83482360839844,16.417503356933594,203.9453887939453,131.60879516601562,453.20654296875,102.4301528930664,574.3745727539062,70.31598663330078,86.14286041259766,170.28878784179688,123.73316955566406,63.12224578857422,476.8565368652344,82.7055435180664,38.74302673339844,98.04291534423828,41.192256927490234,54.53146743774414
2024-10-07,489.91351318359375,136.16041564941406,271.0102233886719,40.13006591796875,18.048900604248047,949.9852905273438,143.1949920654297,62.459835052490234,204.32318115234375,151.4511260986328,496.2160339355469,158.64944458007812,16.371231079101562,214.6341094970703,133.8898468017578,467.5546569824219,104.87982177734375,589.8316650390625,69.82849884033203,87.77124786376953,175.43690490722656,126.47782897949219,65.97858428955078,486.01806640625,85.09264373779297,39.53818130493164,98.50389099121094,42.62983703613281,58.3896484375
2024-10-14,510.05596923828125,140.82177734375,271.62847900390625,40.484012603759766,18.829730987548828,966.0635986328125,161.2721405029297,59.71404266357422,210.4053497314453,154.7100830078125,507.94140625,162.8066864013672,17.24115562438965,217.60801696777344,138.05694580078125,480.6923522949219,114.94432830810547,592.1984252929688,73.03620147705078,91.79936981201172,178.42539978027344,134.80911254882812,69.56607055664062,488.61566162109375,86.6082763671875,39.912899017333984,104.5146255493164,45.30226516723633,61.61595916748047
2024-10-21,491.84393310546875,138.9572296142578,262.3645324707031,40.072669982910156,18.28225326538086,934.4537353515625,156.72479248046875,58.67842483520508,208.39637756347656,156.88926696777344,492.6599426269531,161.32333374023438,16.315706253051758,214.65341186523438,138.12603759765625,455.4404296875,110.97550201416016,573.4005126953125,72.82172393798828,95.40850067138672,175.0713348388672,141.03811645507812,70.01451110839844,456.7829895019531,85.6136474609375,38.96238327026367,100.62798309326172,43.99369812011719,61.77871322631836
2024-10-28,494.476318359375,136.9276123046875,267.60491943359375,39.94831085205078,18.70408058166504,945.0159912109375,158.1355438232422,60.53113555908203,206.06491088867188,159.4478302001953,499.14739990234375,150.91065979003906,16.45452117919922,215.26173400878906,135.85488891601562,449.10284423828125,111.82418823242188,562.9108276367188,72.46095275878906,95.16090393066406,176.3243865966797,140.43467712402344,69.15664672851562,449.9863586425781,87.9060287475586,39.13603210449219,101.28780364990234,44.08584213256836,61.92231750488281
2024-11-04,539.7388916015625,157.32107543945312,282.2369079589844,43.17211151123047,18.883581161499023,997.0115966796875,166.9010009765625,65.78386688232422,207.9540557861328,180.178955078125,566.337890625,152.64773559570312,16.639612197875977,228.8181915283203,150.4829559326172,469.59173583984375,123.95881652832031,578.5432739257812,76.72164916992188,100.16036224365234,192.17144775390625,154.48883056640625,72.28921508789062,468.1511535644531,89.78160858154297,41.80002975463867,106.3133316040039,46.26986312866211,67.44015502929688
2024-11-11,549.95703125,158.9040069580078,281.5205383300781,44.721824645996094,19.44901466369629,1004.772705078125,170.615966796875,65.90848541259766,207.60386657714844,180.6951904296875,570.451416015625,151.7987060546875,16.544885635375977,236.8612823486328,148.32757568359375,465.7832946777344,128.2939910888672,579.9376831054688,76.7898941040039,102.46485137939453,195.66685485839844,156.38673400878906,78.88230895996094,468.5887451171875,90.4447021484375,43.029441833496094,107.352783203125,45.98419952392578,71.58053588867188
2024-11-18,559.373291015625,163.18222045898438,295.6814270019531,44.96097946166992,19.70928955078125,994.3062744140625,187.2063751220703,66.94369506835938,211.06881713867188,182.56910705566406,579.3319702148438,155.44850158691406,16.610429763793945,239.98968505859375,156.8404541015625,473.8592224121094,128.8968963623047,575.748291015625,79.04210662841797,104.236083984375,197.91860961914062,160.76651000976562,79.4887924194336,478.98858642578125,92.35816192626953,44.332801818847656,108.3199234008789,48.37094497680664,73.1404037475586
2024-11-25,561.2310791015625,170.45706176757812,298.9983825683594,45.448856353759766,20.427295684814453,981.2018432617188,179.72000122070312,67.93099212646484,219.32582092285156,187.40029907226562,584.8967895507812,157.07827758789062,16.938142776489258,241.11940002441406,161.0325927734375,492.9058532714844,125.94935607910156,595.3379516601562,80.91410064697266,105.85496520996094,202.29962158203125,164.75694274902344,80.95610046386719,487.3355407714844,93.31490325927734,44.073978424072266,111.93540954589844,49.10816955566406,73.34261322021484
2024-12-02,549.0867919921875,173.20338439941406,298.3212890625,44.970603942871094,19.67339324951172,1005.4097900390625,175.87338256835938,69.15789794921875,220.59754943847656,183.447509765625,579.2078247070312,152.16954040527344,16.694700241088867,238.8406524658203,156.22744750976562,487.7597351074219,124.3703384399414,602.7109985351562,79.34467315673828,103.4754867553711,196.5618896484375,159.03404235839844,79.69420623779297,481.9819641113281,93.22017669677734,43.68573760986328,111.92637634277344,48.08527755737305,71.57090759277344
2024-12-09,537.5584106445312,171.8204803466797,296.50579833984375,43.931705474853516,19.718263626098633,1018.5888061523438,177.20884704589844,68.06517791748047,219.63450622558594,180.099853515625,565.4925537109375,151.8280029296875,16.89133071899414,231.6762237548828,152.59884643554688,482.10089111328125,121.92044067382812,610.4453125,78.34725189208984,100.65657043457031,189.84432983398438,156.20181274414062,77.80628204345703,471.70379638671875,95.16204833984375,42.31767272949219,109.16787719726562,47.02552032470703,67.82530212402344
2024-12-16,520.3099365234375,166.56153869628906,293.080810546875,42.488800048828125,18.38995361328125,991.739013671875,160.6748809814453,66.3206558227539,220.87533569335938,174.36102294921875,546.7740478515625,147.11058044433594,16.226533889770508,229.41680908203125,145.91510009765625,459.75164794921875,118.13076782226562,590.62109375,75.98078155517578,98.25953674316406,181.60989379882812,150.9071807861328,72.69027709960938,458.7022399902344,93.021240234375,40.043724060058594,106.04463195800781,44.15956497192383,67.7290267944336
2024-12-23,524.0548706054688,165.83114624023438,295.4360656738281,42.65232849121094,18.54252815246582,1006.6726684570312,163.6562957763672,68.05559539794922,221.5904083251953,175.89334106445312,556.5100708007812,147.12037658691406,16.554250717163086,232.86386108398438,148.16937255859375,470.0144348144531,121.3079605102539,595.2988891601562,76.68486785888672,99.5539321899414,182.09979248046875,152.72720336914062,73.11090087890625,468.01971435546875,93.38121032714844,40.367252349853516,105.63365936279297,44.68484115600586,68.47044372558594
2024-12-30,523.9473876953125,164.64306640625,298.1275329589844,43.10444259643555,18.606342315673828,984.1614379882812,165.44320678710938,68.05559539794922,220.64141845703125,176.09829711914062,560.3251953125,146.65057373046875,16.61979103088379,234.90118408203125,150.31491088867188,472.3705749511719,120.52323913574219,587.3790283203125,76.4892807006836,99.0265884399414,184.31387329101562,154.00157165527344,72.82722473144531,465.9398498535156,93.24118041992188,40.76472854614258,104.73870086669922,45.49728012084961,68.66300964355469
2025-01-06,504.0392150878906,151.3302001953125,288.50732421875,43.39302444458008,17.430343627929688,921.3131103515625,155.04132080078125,68.43900299072266,217.50970458984375,171.08169555664062,540.8823852539062,139.76043701171875,15.3183012008667,232.80477905273438,139.34011840820312,446.4032287597656,118.14033508300781,562.2327270507812,74.20105743408203,95.36389923095703,178.0862274169922,150.57432556152344,71.18385314941406,450.22412109375,89.65167999267578,39.5445556640625,99.1314468383789,44.119140625,67.36312103271484
2025-01-13,539.9345092773438,162.62713623046875,307.4526062011719,44.758975982666016,17.831459045410156,968.861572265625,169.2428436279297,76.67276763916016,220.84072875976562,186.38526916503906,604.5712890625,145.9361572265625,16.104814529418945,251.52664184570312,155.7924041748047,469.1172790527344,131.94009399414062,597.6719360351562,77.0857925415039,102.46874237060547,188.59739685058594,163.07252502441406,74.74451446533203,468.0757141113281,93.2030029296875,44.0462532043457,103.3871078491211,45.03168869018555,74.21882629394531
2025-01-20,551.0717163085938,167.56466674804688,316.0891418457031,44.749351501464844,18.314620971679688,983.7951049804688,175.62884521484375,78.1009750366211,222.710205078125,198.64370727539062,615.1572265625,154.11817932128906,16.50743293762207,257.0393371582031,163.66259765625,482.72198486328125,131.89227294921875,606.1680297851562,79.35446166992188,106.35193634033203,189.53782653808594,168.56980895996094,80.0463638305664,479.1652526855469,94.56814575195312,43.445411682128906,104.30034637451172,45.69282531738281,74.4499282836914
2025-01-27,531.300537109375,166.51287841796875,312.2627258300781,44.53773498535156,20.27462387084961,1036.86767578125,166.57183837890625,78.05305480957031,224.45635986328125,198.81939697265625,618.5377197265625,156.4279327392578,18.005556106567383,259.4269104003906,165.1852264404297,492.3734436035156,133.35751342773438,582.779541015625,80.51811981201172,107.66551971435547,190.88670349121094,164.50787353515625,80.91696166992188,486.3096008300781,97.01207733154297,44.018516540527344,106.77519989013672,44.49161148071289,75.87499237060547
2025-02-03,526.6461181640625,159.1796112060547,311.59381103515625,45.595863342285156,18.624576568603516,956.4055786132812,160.13882446289062,78.87344360351562,232.34251403808594,198.33140563964844,633.5086059570312,163.2789306640625,17.7059326171875,267.6764831542969,146.9334716796875,496.1788635253906,134.85072326660156,565.8069458007812,80.98751068115234,108.83528137207031,190.66824340820312,163.48263549804688,81.366943359375,484.2017517089844,94.93092346191406,44.073978424072266,100.58348083496094,43.979461669921875,78.05907440185547
2025-02-10,535.2843627929688,158.5563201904297,305.95745849609375,45.172607421875,18.71573829650879,938.9365234375,156.3542022705078,81.66277313232422,232.95936584472656,197.30662536621094,637.9998168945312,163.1614990234375,17.51698875427246,268.4432678222656,139.14910888671875,515.4424438476562,133.8584747314453,560.9697875976562,79.11976623535156,106.2081069946289,184.1992645263672,156.0715789794922,78.84982299804688,503.3590087890625,94.66361999511719,43.759552001953125,97.87118530273438,44.46367263793945,77.39139556884766
2025-02-17,520.1356201171875,147.03475952148438,290.5730285644531,43.10444259643555,18.71573829650879,939.2256469726562,150.22677612304688,76.87554931640625,236.1764373779297,195.9752960205078,604.2428588867188,164.2968292236328,16.551185607910156,256.4570007324219,130.892822265625,493.20159912109375,126.86450958251953,566.5634765625,79.2762222290039,108.31752014160156,178.6327362060547,147.9672393798828,78.947998046875,497.4924621582031,94.2244644165039,42.68449783325195,97.04927825927734,42.71305847167969,74.99166870117188
2025-02-24,526.8226318359375,145.78468322753906,296.04217529296875,44.345340728759766,18.460481643676758,942.6577758789062,152.8636474609375,77.16509246826172,240.8265380859375,196.3179168701172,604.0262451171875,169.54273986816406,16.46596908569336,256.85491943359375,134.22898864746094,497.7437744140625,128.23245239257812,578.4857177734375,80.9483871459961,105.68077087402344,182.30889892578125,151.02345275878906,78.05486297607422,498.7071533203125,94.73045349121094,43.32952880859375,96.5469970703125,43.672176361083984,75.78511810302734
2025-03-03,489.6028137207031,129.30853271484375,268.74566650390625,40.07555389404297,18.524295806884766,917.8896484375,137.67782592773438,68.00565338134766,242.78033447265625,169.51568603515625,543.244140625,166.6163787841797,14.799488067626953,235.14382934570312,114.11295318603516,455.83544921875,114.91886901855469,550.4484252929688,73.00807189941406,100.02375030517578,170.7673797607422,139.98989868164062,73.24574279785156,464.3786926269531,85.5848388671875,39.44062042236328,91.92604064941406,41.64220428466797,68.75041961669922
2025-03-10,476.35626220703125,131.18373107910156,261.2895202636719,39.58186721801758,17.794994354248047,900.2282104492188,133.6371612548828,66.3841781616211,246.69998168945312,168.2431182861328,525.5200805664062,167.4188995361328,14.468084335327148,225.5936737060547,112.17262268066406,441.3458557128906,111.11359405517578,543.4146118164062,71.8780746459961,94.58722686767578,164.32691955566406,139.03298950195312,75.67974853515625,454.5584411621094,82.87362670898438,37.90749740600586,86.15601348876953,39.128028869628906,68.556884765625
2025-03-17,483.03350830078125,140.06150817871094,266.08978271484375,41.11132049560547,18.11406707763672,922.55224609375,140.6561737060547,69.47271728515625,251.1537322998047,171.13087463378906,548.5537109375,171.15829467773438,14.505960464477539,234.5129852294922,115.33060455322266,453.84033203125,115.73771667480469,551.1048583984375,74.12487030029297,95.44730377197266,164.91586303710938,137.7343292236328,76.9360122680664,465.20086669921875,86.44403839111328,38.72079849243164,85.9615478515625,39.89159393310547,70.17284393310547
2025-03-24,472.8166809082031,133.76211547851562,261.1419372558594,39.93034744262695,17.576204299926758,917.6764526367188,131.000244140625,67.88019561767578,250.07603454589844,169.86810302734375,527.179931640625,171.4723663330078,14.382866859436035,235.69703674316406,113.70708465576172,455.70709228515625,111.10397338867188,547.0980834960938,73.49694061279297,93.88179779052734,163.27249145507812,135.732666015625,76.36676025390625,469.5269775390625,85.00251007080078,37.823360443115234,84.79478454589844,39.35151672363281,68.4020767211914
2025-03-31,413.957275390625,106.14241027832031,230.6246337890625,33.28981018066406,16.232030868530273,797.4004516601562,118.60307312011719,56.10515213012695,242.67543029785156,147.39263916015625,456.9920959472656,153.8354034423828,12.129331588745117,205.34341430664062,91.85860443115234,397.4819030761719,96.17193603515625,497.107177734375,66.96257019042969,83.1165542602539,145.43296813964844,121.17095184326172,67.77906799316406,421.8651123046875,73.4156723022461,32.52285385131836,76.48846435546875,34.705848693847656,59.006343841552734
2025-04-07,459.62896728515625,122.97987365722656,247.84649658203125,34.79990768432617,16.59356689453125,851.8388061523438,120.6329116821289,59.49289321899414,249.4275360107422,157.57313537597656,479.9285583496094,153.02076721191406,12.10092544555664,230.65493774414062,100.42178344726562,423.1622009277344,104.15816497802734,530.6694946289062,70.18069458007812,85.31985473632812,144.37857055664062,132.61676025390625,75.53253173828125,434.60980224609375,76.45822143554688,33.08375549316406,82.17418670654297,35.67644500732422,60.4868278503418
2025-04-14,455.5010681152344,123.81978607177734,248.02413940429688,36.213199615478516,16.324731826782227,848.9307250976562,123.67766571044922,61.04680633544922,250.37167358398438,159.33517456054688,494.5368957519531,155.70016479492188,12.119861602783203,226.51446533203125,102.33241271972656,419.6361083984375,105.17932891845703,535.75390625,70.81842803955078,85.32952117919922,146.2069854736328,130.7842559814453,74.73755645751953,432.4981384277344,78.23944854736328,33.56052017211914,79.73876190185547,35.99683380126953,62.61561584472656
2025-04-21,456.8541564941406,130.28521728515625,261.34759521484375,38.42026138305664,17.35371971130371,879.8624267578125,126.0205078125,66.04637908935547,253.9671173095703,178.8739471435547,528.8688354492188,160.20510864257812,13.1898193359375,237.83238220214844,112.48941802978516,433.2269287109375,111.7590560913086,524.4586791992188,73.9384536743164,88.50884246826172,152.09059143066406,134.61585998535156,78.45726013183594,448.49444580078125,84.1319580078125,35.21516799926758,81.89636993408203,37.61763381958008,67.47314453125
2025-04-28,475.03265380859375,132.20921325683594,273.230224609375,39.756107330322266,18.59592056274414,900.7129516601562,131.26458740234375,68.1311264038086,267.4617614746094,183.86634826660156,549.4854736328125,170.2357177734375,13.644312858581543,246.58203125,115.75629425048828,459.03564453125,116.7440414428711,544.5020751953125,76.70526123046875,94.23934173583984,158.885986328125,138.9178466796875,81.5684585571289,473.3671875,87.16487121582031,36.89787673950195,84.86885833740234,39.0782356262207,71.41142272949219
2025-05-05,484.1814270019531,129.36715698242188,280.7900695800781,40.45307922363281,19.411693572998047,895.1295166015625,133.1463623046875,69.51262664794922,271.18115234375,183.79779052734375,550.4561157226562,175.0252685546875,14.041996002197266,247.13864135742188,116.8947525024414,464.8829040527344,118.18124389648438,545.2269287109375,77.71582794189453,97.20606994628906,159.74981689453125,142.45550537109375,83.16939544677734,474.4043273925781,90.32294464111328,36.953590393066406,85.87820434570312,39.596519470214844,70.4897232055664
2025-05-12,515.592529296875,140.98077392578125,295.8011779785156,43.26029586791992,20.746593475341797,959.3678588867188,140.12892150878906,73.66685485839844,263.49444580078125,193.05821228027344,600.8619384765625,172.98382568359375,14.818424224853516,261.2786865234375,124.83184051513672,483.8218994140625,128.35821533203125,562.3271484375,80.35508728027344,104.27015686035156,172.20806884765625,150.79486083984375,87.32441711425781,488.16748046875,94.63640594482422,39.21760559082031,90.8045883178711,42.329261779785156,74.1187973022461
2025-05-19,496.26190185546875,128.2686004638672,281.4907531738281,41.81796646118164,19.940092086791992,933.6511840820312,130.0228271484375,71.108154296875,270.9140930175781,181.7527313232422,580.973388671875,172.8562469482422,13.801098823547363,254.5895233154297,116.1858139038086,464.7718811035156,122.42489624023438,549.0114135742188,80.23734283447266,102.22147369384766,164.91357421875,142.406494140625,86.05429077148438,476.5440368652344,92.52781677246094,37.20935821533203,86.13748931884766,40.46345520019531,70.85944366455078
2025-05-26,500.9642333984375,128.0921630859375,290.205322265625,42.71821975708008,20.060604095458984,949.8489379882812,132.54457092285156,73.27769470214844,275.6158447265625,185.7495574951172,585.732421875,176.46804809570312,13.877877235412598,257.80230712890625,120.42950439453125,474.3414611816406,124.32821655273438,554.26904296875,81.96414947509766,103.14917755126953,166.82357788085938,144.03318786621094,86.97979736328125,480.089599609375,92.70113372802734,37.41775894165039,86.66531372070312,41.075965881347656,72.75667572021484
2025-06-02,510.2016296386719,130.79730224609375,298.51519775390625,43.787872314453125,20.27381706237793,963.805419921875,134.15887451171875,76.13798522949219,261.5393371582031,194.5779266357422,598.9503173828125,175.36878967285156,13.810696601867676,259.49169921875,122.3530502319336,483.8714294433594,128.00863647460938,558.8092041015625,83.99510192871094,105.01960754394531,171.4498291015625,143.80784606933594,86.89118194580078,486.1742858886719,94.95415496826172,38.5166130065918,87.30426788330078,42.18791580200195,74.26473999023438
2025-06-09,493.5271301269531,129.48394775390625,284.02716064453125,42.93100357055664,20.55191993713379,947.0153198242188,130.29981994628906,74.28949737548828,258.19573974609375,189.3634033203125,598.5015258789062,175.6039276123047,13.945059776306152,258.7300109863281,120.30060577392578,466.9787292480469,125.74600219726562,533.3469848632812,84.23719787597656,104.8638916015625,166.40126037597656,142.70045471191406,86.014892578125,469.44610595703125,92.56632232666016,36.91570281982422,85.95826721191406,40.51057815551758,70.40215301513672
2025-06-16,502.05621337890625,131.84605407714844,294.6859436035156,44.3039436340332,21.126670837402344,949.5684204101562,131.5225067138672,76.32282257080078,262.4974060058594,194.8037872314453,625.0933837890625,175.5940704345703,14.213788032531738,268.5440368652344,121.55982971191406,465.1182861328125,128.87290954589844,535.361572265625,84.73914337158203,108.85407257080078,170.25967407226562,145.96371459960938,87.83641815185547,471.98297119140625,95.91697692871094,38.156646728515625,87.48820495605469,40.79327392578125,73.35990905761719
2025-06-23,519.4882202148438,140.07907104492188,313.042724609375,45.88135528564453,22.386592864990234,1021.0753784179688,144.3413848876953,82.09203338623047,263.2351379394531,207.21653747558594,673.8776245117188,178.861328125,15.067957878112793,280.3697204589844,133.150634765625,482.9609375,136.6221923828125,566.4447021484375,87.67203521728516,121.07765197753906,178.2836456298828,150.15789794921875,88.59456634521484,484.6297302246094,102.059814453125,40.36381912231445,90.2008056640625,43.120819091796875,77.34896850585938
2025-06-30,534.470703125,141.5982666015625,324.6573486328125,47.643775939941406,23.38280487060547,1054.529296875,148.18133544921875,86.31436157226562,265.0937194824219,216.93856811523438,705.9419555664062,180.19970703125,16.056493759155273,290.4435729980469,137.42408752441406,499.8140563964844,139.97239685058594,577.578857421875,88.64639282226562,128.17236328125,188.66871643066406,157.30499267578125,90.07146453857422,495.7693176269531,106.97415161132812,43.139366149902344,94.002197265625,45.66461944580078,81.3380355834961
2025-07-07,527.59423828125,144.25436401367188,316.0889892578125,45.50160598754883,23.3734073638916,1073.5218505859375,154.74359130859375,84.3783187866211,263.54168701171875,215.83871459960938,687.671142578125,177.64102172851562,16.728315353393555,281.4751281738281,139.85330200195312,494.3415222167969,138.1662139892578,555.7823486328125,87.996826171875,122.53748321533203,189.10061645507812,155.73193359375,90.55391693115234,493.3916320800781,106.246826171875,43.0351676940918,95.24116516113281,44.911956787109375,80.31644439697266
2025-07-14,535.7003784179688,148.97857666015625,304.6908874511719,46.07609558105469,23.11965560913086,1075.421875,161.16259765625,90.91609954833984,263.1776428222656,214.35586547851562,690.89990234375,177.84771728515625,19.118072509765625,285.8023681640625,144.74147033691406,494.7076721191406,136.75811767578125,567.9483032226562,87.95745849609375,124.50337219238281,190.25933837890625,157.95387268066406,94.324951171875,490.87353515625,105.22857666015625,41.91736602783203,99.2771987915039,43.53049087524414,78.45812225341797
2025-07-21,512.5921630859375,148.12588500976562,308.3121337890625,47.176395416259766,23.326416015625,1094.6094970703125,170.1224365234375,93.46504974365234,267.8241882324219,209.0234832763672,711.112060546875,181.50856018066406,20.93198585510254,293.014404296875,150.86904907226562,507.62213134765625,138.87510681152344,536.845458984375,93.34098815917969,126.54713439941406,189.80429077148438,165.69131469726562,95.56554412841797,500.76812744140625,109.51490783691406,43.243568420410156,100.3659896850586,44.130714416503906,82.0385513305664
2025-07-28,493.36968994140625,135.5410919189453,291.1556701660156,44.45973205566406,22.508771896362305,1063.9329833984375,162.76731872558594,89.34003448486328,268.98345947265625,203.7401885986328,692.1777954101562,181.66603088378906,19.780296325683594,283.93804931640625,141.340576171875,496.0733642578125,136.00680541992188,547.763427734375,93.66577911376953,123.65666961669922,179.95828247070312,160.28395080566406,94.05909729003906,510.79376220703125,105.30615234375,40.69536590576172,96.73355865478516,41.86320877075195,75.67550659179688
2025-08-04,498.3436279296875,139.14794921875,294.2822265625,44.80052947998047,23.486186981201172,1096.25634765625,162.3252716064453,90.80895233154297,270.37261962890625,204.48651123046875,703.5910034179688,183.43740844726562,19.885866165161133,283.3395080566406,141.45956420898438,509.93780517578125,140.00613403320312,537.2286987304688,95.31922912597656,122.28443908691406,183.69532775878906,162.14212036132812,95.8548583984375,521.2874755859375,107.72087097167969,41.3007698059082,98.61078643798828,42.739723205566406,76.18859100341797
2025-08-11,496.48828125,136.61923217773438,302.2371520996094,45.706085205078125,23.80572509765625,1106.0399169921875,164.92962646484375,91.74906921386719,262.43035888671875,212.13279724121094,712.8093872070312,178.32005310058594,20.469512939453125,285.03704833984375,141.2560272216797,512.0189208984375,141.42401123046875,549.1372680664062,93.18353271484375,122.64452362060547,185.1765594482422,160.56907653808594,94.8970947265625,520.9129638671875,107.71117401123047,42.59531021118164,100.46923828125,43.75914764404297,75.45458221435547
2025-08-18,510.14691162109375,132.0154266357422,315.7822265625,48.1793212890625,23.86211585998535,1118.8641357421875,163.85328674316406,93.28654479980469,258.21490478515625,217.83419799804688,723.7056274414062,177.79849243164062,20.886268615722656,290.6790771484375,140.74969482421875,511.5727844238281,144.73886108398438,566.6952514648438,93.25242614746094,126.57630920410156,195.26461791992188,162.48623657226562,94.6206283569336,521.0908813476562,111.98780822753906,44.024105072021484,101.64250946044922,45.99807357788086,77.41190338134766
2025-08-25,508.0645751953125,134.01235961914062,327.77398681640625,49.40619659423828,24.115867614746094,1098.3709716796875,164.7182159423828,94.56940460205078,255.3311767578125,223.74237060546875,730.8749389648438,173.79318237304688,21.215797424316406,295.7618713378906,138.48611450195312,505.37652587890625,147.14431762695312,559.685791015625,93.24258422851562,127.76363372802734,200.83145141601562,166.58599853515625,94.63050079345703,514.2910766601562,111.49323272705078,44.896728515625,101.01363372802734,46.5220832824707,80.42617797851562
2025-09-01,482.86907958984375,129.4085693359375,322.7675476074219,48.73125076293945,23.467388153076172,1076.1522216796875,163.36318969726562,93.42364501953125,250.9528350830078,218.1394500732422,723.9707641601562,171.50021362304688,21.31271743774414,288.8540344238281,134.55459594726562,494.7388000488281,144.80731201171875,547.293701171875,92.00249481201172,124.63101959228516,197.8882598876953,162.71234130859375,90.88833618164062,504.557373046875,109.5343017578125,44.60905075073242,101.52049255371094,46.493499755859375,77.27489471435547
2025-09-08,490.5668640136719,135.7830810546875,321.8671569824219,49.52434539794922,23.157245635986328,1099.904541015625,174.2803192138672,97.37995147705078,252.499755859375,220.3353271484375,765.0134887695312,171.20497131347656,21.739164352416992,301.1488037109375,142.3083953857422,507.90460205078125,152.92333984375,574.9960327148438,92.72618103027344,126.73644256591797,195.54537963867188,167.40200805664062,92.35952758789062,510.34320068359375,109.03973388671875,43.34327697753906,99.14579772949219,46.80790710449219,79.72154235839844
2025-09-15,483.1059265136719,142.3936767578125,337.5098876953125,51.159488677978516,22.950489044189453,1118.9376220703125,180.30589294433594,100.55282592773438,251.75852966308594,224.82554626464844,789.4723510742188,167.53866577148438,21.79731559753418,308.87109375,147.84823608398438,476.60601806640625,156.36529541015625,551.82861328125,88.40324401855469,128.7733154296875,198.9726104736328,171.128173828125,93.13956451416016,475.5813903808594,110.06768035888672,44.100826263427734,100.69435119628906,48.027400970458984,82.83367919921875
2025-09-22,492.7479553222656,135.38958740234375,338.06390380859375,51.12031936645508,21.869691848754883,1132.253173828125,168.4853973388672,101.2774887084961,260.1816101074219,220.6208953857422,787.0303955078125,165.52545166015625,22.020233154296875,310.12701416015625,133.04554748535156,472.6404724121094,156.5608673095703,557.4183959960938,86.37007141113281,130.54579162597656,196.8426971435547,172.730712890625,94.25530242919922,456.8454895019531,112.21084594726562,44.12958526611328,98.30026245117188,47.103248596191406,83.1957778930664
2025-09-29,485.553466796875,123.84069061279297,326.7449951171875,49.583091735839844,22.678325653076172,1136.4044189453125,161.88320922851562,95.71515655517578,254.78123474121094,211.11859130859375,774.7421264648438,160.48263549804688,23.299579620361328,304.210205078125,126.7313232421875,480.86907958984375,154.09671020507812,552.1934204101562,86.4687728881836,129.65464782714844,192.1375274658203,164.48660278320312,92.89271545410156,449.934326171875,113.68374633789062,43.65012741088867,98.1197509765625,46.289337158203125,78.94840240478516
2025-10-06,473.1481628417969,116.2955551147461,313.7058410644531,47.63462448120117,21.601585388183594,1108.667236328125,147.77548217773438,91.98409271240234,261.30792236328125,199.390869140625,749.6162719726562,155.42991638183594,21.777931213378906,296.67718505859375,116.97205352783203,479.9371643066406,148.4937286376953,539.209716796875,87.7419662475586,122.13390350341797,178.0897674560547,158.0380859375,90.79946899414062,455.8327331542969,108.42838287353516,40.571990966796875,96.36219787597656,43.60268783569336,75.96349334716797
2025-10-13,464.0884094238281,119.40411376953125,343.82061767578125,50.20973205566406,21.229963302612305,1136.86474609375,150.2164764404297,95.05905151367188,257.9290466308594,208.10540771484375,736.2885131835938,151.58119201660156,22.088077545166016,293.3938293457031,116.75365447998047,466.989501953125,155.15277099609375,526.7879638671875,87.43600463867188,122.2318344116211,175.27882385253906,159.23117065429688,92.95195007324219,443.7265625,108.7898178100586,40.850074768066406,98.51876831054688,43.99749755859375,81.50270080566406
2025-10-20,472.90142822265625,122.9651870727539,354.6722717285156,51.472808837890625,21.763572692871094,1112.847900390625,148.57313537597656,96.7336196899414,259.4692687988281,221.56619262695312,768.7598266601562,155.5779571533203,22.291610717773438,296.2334899902344,120.36744689941406,486.5993957519531,160.2277374267578,534.6156616210938,87.28797149658203,123.41674041748047,182.15711975097656,160.16787719726562,93.22842407226562,458.97412109375,113.42977142333984,42.374759674072266,98.37626647949219,46.4723014831543,84.56590270996094
2025-10-27,446.83746337890625,122.28641510009766,357.8166809082031,52.334442138671875,21.54441261291504,1060.154052734375,140.92344665527344,99.13286590576172,255.57057189941406,216.62303161621094,774.1439208984375,144.3672637939453,22.970048904418945,306.7639465332031,117.4783935546875,476.1698303222656,161.34091186523438,580.2210083007812,84.37638854980469,126.00199127197266,178.3564910888672,156.45062255859375,93.32715606689453,456.8735656738281,112.98043060302734,42.796688079833984,97.4072265625,44.95083236694336,85.11394500732422
2025-11-03,455.3840026855469,130.21519470214844,365.5636291503906,52.089656829833984,21.18231773376465,1059.556640625,141.4954833984375,99.29048156738281,266.169189453125,214.48623657226562,771.1724243164062,147.04165649414062,22.650211334228516,309.8106994628906,120.4468765258789,483.7838134765625,159.72750854492188,574.6017456054688,86.10359191894531,127.26526641845703,179.96856689453125,160.8284912109375,94.03807830810547,465.5101318359375,115.56903839111328,42.90216827392578,97.5307388305664,45.56711959838867,84.6465072631836
2025-11-10,453.57171630859375,128.47402954101562,354.29534912109375,51.51197052001953,21.125146865844727,1035.8043212890625,137.1325225830078,98.80776977539062,274.39013671875,207.91830444335938,775.6541748046875,150.07131958007812,22.996986389160156,299.3591003417969,119.05694580078125,475.3569030761719,161.2032012939453,558.9068603515625,85.94567108154297,124.74854278564453,179.76339721679688,156.509765625,93.46343231201172,463.1470642089844,114.1330795288086,43.51643753051758,96.63770294189453,45.35526657104492,83.67254638671875
2025-11-17,443.232666015625,128.40489196777344,350.0400085449219,50.48388671875,20.658241271972656,993.4885864257812,138.32505798339844,97.23157501220703,262.8865966796875,205.4669952392578,759.0997924804688,152.40028381347656,22.703655242919922,293.84735107421875,117.99797821044922,476.46929931640625,155.60543823242188,555.7817993164062,86.51811981201172,124.49393463134766,182.6945037841797,150.85006713867188,89.62152099609375,462.86572265625,111.7105484008789,44.11787033081055,95.29814910888672,46.01007843017578,81.76396179199219
2025-11-24,451.33355712890625,130.21217346191406,362.32000732421875,52.530269622802734,21.525352478027344,1025.3870849609375,141.96084594726562,102.05867767333984,270.94390869140625,216.53753662109375,810.1065673828125,155.23257446289062,23.90630340576172,308.696533203125,121.61736297607422,487.5255126953125,166.90914916992188,557.49267578125,89.73564910888672,128.6166534423828,186.33880615234375,154.35040283203125,91.81973266601562,468.6897277832031,116.26258087158203,45.10731887817383,97.26470947265625,47.2330322265625,84.45957946777344
2025-12-01,472.4474182128906,136.41416931152344,367.3590087890625,53.09851837158203,22.297178268432617,1054.83642578125,147.51634216308594,107.26011657714844,260.7495422363281,228.01329040527344,842.2312622070312,155.7457275390625,25.6564998626709,310.6291198730469,128.68710327148438,493.20758056640625,173.64808654785156,532.31396484375,89.31185150146484,131.2360076904297,193.31478881835938,160.84823608398438,92.89903259277344,468.39849853515625,120.74624633789062,46.106468200683594,101.25487518310547,49.361167907714844,88.37512969970703
2025-12-08,488.8572082519531,146.21092224121094,379.4703674316406,54.269737243652344,22.373409271240234,1071.4927978515625,146.5758819580078,110.13668060302734,264.5433349609375,235.12017822265625,875.1493530273438,161.0648956298828,25.676055908203125,314.0603332519531,135.8264617919922,483.37322998046875,175.51727294921875,545.002197265625,92.62812805175781,136.46731567382812,205.75234985351562,161.5581512451172,95.70125579833984,470.7568359375,124.7121810913086,48.39578628540039,99.6588134765625,51.441158294677734,91.25767517089844
2025-12-15,484.44036865234375,144.5221710205078,373.46923828125,54.39768600463867,22.86890411376953,1043.0401611328125,146.97340393066406,113.15115356445312,260.2301940917969,240.91244506835938,880.5896606445312,158.66497802734375,26.399600982666016,312.7686767578125,129.870361328125,499.743896484375,174.11045837402344,562.0023193359375,94.40010833740234,137.39340209960938,205.37130737304688,160.7299041748047,97.84994506835938,481.62774658203125,125.52294921875,48.58009338378906,99.32221984863281,52.153743743896484,91.50363159179688
2025-12-22,496.9779357910156,146.6750946044922,377.9725646972656,55.28348159790039,23.04994773864746,1070.5286865234375,150.6770782470703,118.62843322753906,267.61865234375,246.4378204345703,893.9540405273438,161.85214233398438,26.36048698425293,323.31890869140625,129.67149353027344,516.5914306640625,178.92117309570312,578.5277709960938,98.34994506835938,138.06332397460938,208.97653198242188,162.98788452148438,100.88980865478516,497.4596252441406,129.2153778076172,49.0942268371582,100.73589324951172,52.952999114990234,93.7171859741211
2025-12-29,488.9958801269531,144.788818359375,370.54107666015625,55.06695556640625,22.989503860473633,1067.5279541015625,153.9638214111328,116.93402099609375,260.8007507324219,245.0638885498047,901.1488647460938,158.358154296875,26.340932846069336,320.92291259765625,128.1700439453125,495.671142578125,178.95068359375,559.0057373046875,95.68702697753906,137.21604919433594,206.6023712158203,161.8559112548828,100.57295227050781,481.6841125488281,126.90605926513672,48.250282287597656,100.62049102783203,52.434303283691406,93.65814971923828
2026-01-05,502.8506164550781,144.00863647460938,373.4041442871094,54.968528747558594,24.786163330078125,1067.567138671875,152.8197479248047,119.5150375366211,253.80882263183594,246.3192138671875,925.4332885742188,164.28704833984375,27.9346866607666,326.0450744628906,133.88748168945312,528.0847778320312,183.29904174804688,574.739990234375,97.2511215209961,143.58033752441406,212.552490234375,165.92210388183594,99.18669128417969,509.1949157714844,130.34738159179688,49.10392379760742,103.19779205322266,53.678802490234375,94.39600372314453
2026-01-12,504.3955383300781,142.09274291992188,362.647705078125,52.13399124145508,25.114585876464844,1144.3758544921875,158.52069091796875,116.2838363647461,270.29742431640625,236.37550354003906,948.1211547851562,172.20545959472656,28.785341262817383,309.48480224609375,130.67578125,535.34619140625,186.02410888671875,595.9234008789062,99.96354675292969,143.41285705566406,218.05313110351562,169.94869995117188,102.80086517333984,513.3384399414062,125.8736572265625,48.492794036865234,102.40921783447266,52.891273498535156,86.9486083984375
2026-01-19,491.7984924316406,134.6167449951172,359.56591796875,50.903717041015625,24.448081970214844,1111.6531982421875,145.89720153808594,111.9000473022461,273.4307556152344,214.78797912597656,905.623291015625,171.16615295410156,27.76846694946289,294.8757019042969,120.5633773803711,520.5648803710938,176.09771728515625,583.2449951171875,97.06303405761719,146.42750549316406,215.99546813964844,167.22801208496094,101.17696380615234,501.3682556152344,123.97600555419922,48.08537292480469,101.58216857910156,53.93159866333008,85.5516128540039
2026-01-26,522.0927734375,132.8687286376953,350.101806640625,52.360355377197266,25.713472366333008,1100.8604736328125,138.08265686035156,113.9885025024414,279.54266357421875,216.39913940429688,921.914794921875,172.0074920654297,26.683151245117188,302.9676818847656,113.61295318603516,512.1412353515625,180.8274688720703,602.489990234375,95.91470336914062,147.2156219482422,219.84498596191406,164.09181213378906,102.8998794555664,495.89990234375,128.66604614257812,49.87995910644531,101.63025665283203,54.5538444519043,89.0244369506836
2026-02-02,537.7399291992188,131.3774871826172,357.0408020019531,55.63779830932617,26.27372169494629,1039.3114013671875,125.74036407470703,121.49465942382812,292.3177490234375,220.21450805664062,915.3508911132812,167.27626037597656,26.223602294921875,319.3199462890625,102.6155776977539,449.4894104003906,178.01812744140625,551.6183471679688,83.97610473632812,149.8953399658203,238.72821044921875,170.30487060546875,104.04850006103516,412.7378845214844,130.1310577392578,54.13848114013672,90.95562744140625,59.00682067871094,92.9024429321289
2026-02-09,470.4765625,123.5163803100586,335.5179748535156,51.72061538696289,26.10951042175293,1054.1968994140625,127.3685073852539,109.7799072265625,293.0914001464844,204.97276306152344,892.0814819335938,150.72679138183594,26.139549255371094,299.6595458984375,101.1539077758789,423.6121826171875,169.3031768798828,522.299072265625,78.67005920410156,144.21084594726562,225.77183532714844,156.9883575439453,93.11339569091797,384.7947998046875,125.82449340820312,50.85343933105469,90.16703796386719,56.09001922607422,85.99185943603516
2026-02-16,468.5098876953125,118.71581268310547,344.14697265625,52.22256851196289,26.72771644592285,1075.96923828125,118.94330596923828,114.86982727050781,297.94610595703125,206.79888916015625,908.934814453125,152.43914794921875,26.09026527404785,307.82086181640625,100.79032135009766,444.85040283203125,173.5172119140625,540.219970703125,81.0458984375,142.61485290527344,229.3653564453125,156.57284545898438,93.42138671875,392.25506591796875,125.79499816894531,51.26496887207031,91.72496032714844,57.03312301635742,87.69231414794922
2026-02-23,466.95050048828125,103.7226333618164,307.0859069824219,49.04354476928711,25.636198043823242,1046.050537109375,111.19488525390625,109.11644744873047,308.9804382324219,194.11830139160156,847.1689453125,162.45591735839844,25.88327980041504,297.4310607910156,87.3423080444336,474.4229431152344,164.71324157714844,567.7418212890625,86.69842529296875,140.96958923339844,209.06442260742188,151.4480743408203,94.58380889892578,416.1458740234375,126.46359252929688,48.315670013427734,91.00370025634766,53.1440544128418,80.52467346191406
2026-03-02,461.7557373046875,107.78823852539062,299.2323303222656,48.1429557800293,25.346412658691406,945.2451782226562,108.2818603515625,105.49209594726562,306.6594543457031,186.24998474121094,813.829833984375,164.4949188232422,23.330434799194336,286.7144470214844,90.97825622558594,469.8535461425781,158.54058837890625,565.1702880859375,87.53987121582031,137.30172729492188,202.9307861328125,150.42904663085938,94.61361694335938,426.0155334472656,119.01067352294922,45.55253219604492,86.93579864501953,50.91756820678711,79.50637817382812
2026-03-09,439.0995178222656,103.56398010253906,298.19842529296875,46.242576599121094,23.30826759338379,914.2399291992188,104.7313232421875,104.66028594970703,308.3462829589844,178.39157104492188,774.9822387695312,157.5762176513672,22.670045852661133,280.7321472167969,85.59905242919922,428.08172607421875,153.1988525390625,543.98291015625,84.66905975341797,135.64724731445312,198.01800537109375,144.4138641357422,92.45765686035156,397.8851013183594,119.30564880371094,42.94617462158203,85.19515228271484,49.585567474365234,73.2581787109375
2026-03-16,435.9806823730469,111.06056213378906,293.7646179199219,46.678077697753906,22.661083221435547,947.6788940429688,108.31129455566406,108.45296478271484,304.3063049316406,180.04859924316406,806.0128173828125,157.3206329345703,22.877033233642578,283.82232666015625,89.65337371826172,433.1687927246094,159.72763061523438,548.6790771484375,85.74156951904297,134.4782257080078,198.5890350341797,142.27688598632812,94.04730987548828,399.7121276855469,119.92509460449219,43.26951599121094,84.12156677246094,49.82863235473633,76.71841430664062
2026-03-23,433.86505126953125,107.51058959960938,290.5535888671875,46.49002456665039,21.975261688232422,923.8758544921875,105.99656677246094,106.33381652832031,290.8990783691406,174.73028564453125,795.4711303710938,151.60098266601562,22.867177963256836,280.13787841796875,88.15914916992188,422.9349060058594,156.6808624267578,519.6580810546875,80.9152603149414,133.7351837158203,199.25851440429688,139.8134307861328,91.76219177246094,382.5814514160156,120.46586608886719,43.63205337524414,86.32731628417969,49.43972396850586,76.31307983398438
2026-03-30,431.0144348144531,106.14216613769531,299.36053466796875,48.87539291381836,22.93346405029297,956.236572265625,110.88102722167969,114.12713623046875,302.1179504394531,180.5050048828125,855.0653076171875,161.83877563476562,23.793691635131836,291.7855224609375,90.8786392211914,438.8133850097656,164.0207977294922,540.88525390625,86.04942321777344,140.92770385742188,208.42445373535156,141.210693359375,93.16307067871094,406.0501708984375,127.48672485351562,46.20901870727539,88.00604248046875,52.0130615234375,79.68433380126953
2026-04-06,443.330810546875,103.40531158447266,312.6441650390625,52.00310134887695,24.413360595703125,988.63671875,112.62686920166016,123.17809295654297,292.4041442871094,191.4988250732422,899.4117431640625,159.47544860839844,23.24172592163086,308.4803161621094,90.8686752319336,425.4933776855469,175.72314453125,532.6444702148438,82.5836181640625,150.81492614746094,217.70855712890625,145.17294311523438,94.1864013671875,391.226806640625,137.99844360351562,48.59981918334961,89.29436492919922,54.67510986328125,84.4298095703125
2026-04-13,453.12432861328125,123.57470703125,330.7845153808594,53.359100341796875,26.726306915283203,1040.9024658203125,126.60347747802734,130.89219665527344,284.82916259765625,204.8640594482422,917.3939819335938,160.1109619140625,24.454078674316406,308.8984375,103.20098876953125,453.30810546875,186.7825164794922,564.4852294921875,87.99584197998047,157.68052673339844,223.0318603515625,150.6942596435547,91.68270874023438,416.7956848144531,143.94715881347656,49.55025863647461,94.65261840820312,55.922637939453125,80.48513793945312
2026-04-20,460.9909362792969,123.21772766113281,313.22259521484375,51.51810836791992,26.579299926757812,1033.80908203125,119.31602478027344,126.73311614990234,282.26458740234375,189.90135192871094,918.3451538085938,157.3404998779297,25.144039154052734,306.8974609375,101.43781280517578,454.0049133300781,186.0406036376953,588.45263671875,89.27689361572266,162.4854278564453,218.1210174560547,152.35264587402344,87.92717742919922,411.3522644042969,149.20301818847656,49.70703125,96.68269348144531,54.596527099609375,78.51773834228516
2026-04-27,464.0402526855469,129.36573791503906,318.80731201171875,52.69594955444336,29.245067596435547,1050.3406982421875,123.92584991455078,126.19837951660156,286.7006530761719,190.41729736328125,915.1747436523438,153.66641235351562,25.518585205078125,311.06866455078125,103.28068542480469,453.7261962890625,189.12889099121094,584.6400756835938,90.68704986572266,162.9510498046875,218.96429443359375,155.11329650878906,90.94750213623047,401.2471618652344,150.45016479492188,49.90299987792969,100.93806457519531,55.30378341674805,79.8919448852539
2026-05-04,464.1100158691406,132.08274841308594,315.1672668457031,50.78567123413086,30.43094253540039,1073.2432861328125,122.52018737792969,124.91490173339844,278.491943359375,188.00619506835938,927.8267211914062,154.7289276123047,27.19420051574707,300.74517822265625,102.12515258789062,449.296142578125,192.03289794921875,581.234619140625,88.29376220703125,158.9188995361328,215.13482666015625,153.25631713867188,88.35236358642578,395.6531066894531,147.9657745361328,48.628074645996094,102.80223083496094,54.54740905761719,75.20821380615234
2026-05-11,468.9150390625,134.2444610595703,312.6242370605469,49.261409759521484,31.195392608642578,1070.3446044921875,116.6995620727539,122.7956771850586,295.9292297363281,185.71417236328125,939.7058715820312,153.27914428710938,26.939815521240234,296.4743957519531,96.78607940673828,427.9955139160156,191.45606994628906,559.7181396484375,90.4288558959961,162.33682250976562,211.15652465820312,153.037841796875,90.61576080322266,379.67138671875,151.29151916503906,46.49917221069336,99.56190490722656,52.1800537109375,73.00088500976562
2026-05-18,450.90130615234375,127.9694595336914,310.9288635253906,51.27066421508789,30.40154266357422,1061.539794921875,117.31330108642578,124.45722198486328,288.37408447265625,187.12916564941406,987.52001953125,151.8988800048828,26.87027931213379,305.0059814453125,93.86164093017578,448.1728820800781,199.92942810058594,586.4525756835938,90.37921142578125,166.2104949951172,217.49598693847656,150.40626525878906,89.88788604736328,393.2798767089844,152.3802947998047,47.90523910522461,100.90878295898438,53.859798431396484,75.96388244628906
2026-05-25,444.32183837890625,128.1686248779297,315.6060791015625,51.07270431518555,30.40154266357422,1035.69873046875,115.78885650634766,125.26313018798828,270.8575744628906,187.2686767578125,1016.0836181640625,146.81472778320312,28.270910263061523,297.9676818847656,95.7580337524414,452.294189453125,206.8612823486328,629.1299438476562,91.87873077392578,163.9120330810547,219.37103271484375,142.4122772216797,87.09602355957031,400.23663330078125,154.0530548095703,47.73690414428711,102.02142333984375,53.87944030761719,77.09737396240234
2026-06-01,453.2439880371094,127.4914779663086,309.8119201660156,53.5567512512207,30.705360412597656,990.516845703125,114.18521118164062,131.79989624023438,254.87582397460938,180.0342254638672,1033.6177978515625,140.50918579101562,27.16828727722168,310.9691162109375,93.22285461425781,450.398193359375,210.76976013183594,613.2667236328125,86.67505645751953,169.6697235107422,226.56369018554688,150.39634704589844,88.58169555664062,400.6520080566406,160.1007537841797,48.717193603515625,103.4463882446289,54.7045783996582,81.47225952148438
2026-06-08,457.7000732421875,133.31687927246094,324.55157470703125,55.735633850097656,31.48941421508789,1026.73095703125,121.55008697509766,139.12266540527344,268.2706298828125,184.07994079589844,1057.5704345703125,139.5459747314453,28.727855682373047,319.28167724609375,96.05746459960938,446.90557861328125,212.8682098388672,596.9849243164062,88.68021392822266,173.52154541015625,235.7802276611328,153.3258056640625,90.83512115478516,395.4319152832031,165.9208221435547,51.15304946899414,107.00879669189453,57.897071838378906,83.25203704833984
2026-06-15,465.9742126464844,136.92164611816406,337.0773010253906,55.91471862792969,32.39106750488281,1044.7286376953125,122.53998565673828,142.33631896972656,245.22882080078125,200.82083129882812,1091.2156982421875,133.43629455566406,27.95303726196289,323.761474609375,96.82600402832031,449.7196350097656,221.94822692871094,579.1188354492188,81.9629135131836,171.30201721191406,230.2046661376953,154.77566528320312,91.43338012695312,387.8897399902344,166.5938720703125,47.85573196411133,106.3272705078125,57.11122512817383,81.73076629638672
2026-06-22,451.3997497558594,117.79244995117188,339.43084716796875,57.5861930847168,32.54787826538086,959.7846069335938,114.23471069335938,141.0428924560547,219.96739196777344,203.28213500976562,1014.6406860351562,123.44950103759766,25.98619270324707,327.57427978515625,89.95905303955078,449.06103515625,210.8692169189453,552.8726806640625,78.2953109741211,173.05374145507812,243.05224609375,148.8968505859375,90.4063720703125,385.2843933105469,166.3959197998047,49.99453353881836,108.91507720947266,59.83221435546875,83.38129425048828
2026-06-29,487.63653564453125,118.1111068725586,351.9599914550781,58.43187713623047,33.76545333862305,990.6461791992188,121.5401840209961,139.261962890625,235.4945068359375,204.398193359375,1016.02392578125,132.54925537109375,26.83054542541504,332.9700012207031,93.6620101928711,489.4756164550781,212.75880432128906,600.960693359375,84.37476348876953,175.67140197753906,247.51666259765625,162.10414123535156,96.71797180175781,438.904541015625,169.79055786132812,50.4797248840332,117.09333801269531,61.156654357910156,85.0218734741211
2026-07-06,505.1817321777344,119.83382415771484,350.5799865722656,59.367103576660156,33.161617279052734,1030.8199462890625,121.84705352783203,140.0778045654297,239.14736938476562,200.8108673095703,1050.037353515625,134.8117218017578,28.787456512451172,336.4700012207031,96.75614166259766,486.2524108886719,221.06309509277344,602.5549926757812,87.78324127197266,182.6883087158203,249.91751098632812,167.54547119140625,102.82018280029297,429.53558349609375,179.2703399658203,51.1629524230957,117.09333801269531,61.83033752441406,86.66246032714844
2026-07-13,526.2259521484375,119.9632797241211,355.3500061035156,60.958984375,32.3004035949707,1066.7257080078125,125.62848663330078,128.70562744140625,243.905029296875,207.29795837402344,1060.0283203125,139.18716430664062,29.433137893676758,341.1000061035156,100.74855041503906,509.7826843261719,214.32022094726562,626.4196166992188,91.33124542236328,183.81300354003906,250.86000061035156,167.78466796875,101.26470947265625,449.83001708984375,181.53831481933594,51.984806060791016,115.9080810546875,62.553558349609375,87.01045989990234
2026-07-20,527.2528076171875,122.09428405761719,326.1700134277344,61.735023498535156,32.16181945800781,1050.2801513671875,128.68727111816406,131.5213165283203,254.11708068847656,202.126220703125,1056.057861328125,145.30682373046875,29.73114585876465,353.2099914550781,99.17154693603516,470.5057067871094,213.30580139160156,548.8271484375,91.77972412109375,179.6725311279297,250.99000549316406,168.72145080566406,101.67352294921875,425.44476318359375,184.42303466796875,51.25206756591797,115.06852722167969,63.375850677490234,85.81730651855469
2026-07-27,544.1400146484375,125.0617446899414,336.25,61.63553237915039,33.51797866821289,1084.8228759765625,126.45999908447266,131.77999877929688,266.5387878417969,208.27450561523438,1013.4166870117188,151.97463989257812,29.403337478637695,351.7900085449219,101.23761749267578,477.3711853027344,210.4199981689453,570.20068359375,93.8726577758789,181.33470153808594,249.8699951171875,175.3786163330078,104.93401336669922,411.0071716308594,183.1895751953125,51.33128356933594,110.37689208984375,62.42476272583008,85.95650482177734
2026-08-03,551.97998046875,126.90396881103516,340.9100036621094,62.849334716796875,33.428890228271484,1130.5880126953125,137.1300048828125,135.0,262.4280700683594,216.99371337890625,1034.543212890625,149.8018798828125,31.370182037353516,357.5199890136719,102.61499786376953,476.7425231933594,216.3300018310547,561.1630249023438,94.27130126953125,184.629150390625,252.55999755859375,175.95663452148438,107.28714752197266,407.27557373046875,183.7068328857422,51.83627700805664,112.6189956665039,63.346126556396484,87.25
2026-08-10,569.5399780273438,140.16793823242188,342.4800109863281,64.16263580322266,33.51797866821289,1167.7374267578125,143.92999267578125,139.3300018310547,268.53936767578125,226.5399932861328,1034.3541259765625,154.21719360351562,32.54999923706055,362.8399963378906,114.01000213623047,484.9599914550781,217.36000061035156,569.1300048828125,96.693115234375,190.51141357421875,256.9700012207031,180.19210815429688,111.08999633789062,417.8617858886719,190.72964477539062,53.099998474121094,109.2015151977539,64.8123779296875,88.81999969482422
2026-08-17,555.5900268554688,132.69000244140625,336.0,61.37685012817383,33.963436126708984,1150.6451416015625,143.3800048828125,131.64999389648438,273.6951904296875,217.91000366210938,1034.21484375,160.71559143066406,32.02000045776367,351.5799865722656,108.4800033569336,503.32000732421875,214.1999969482422,563.489990234375,97.88907623291016,183.0366668701172,243.1300048828125,174.60128784179688,112.30000305175781,430.3238220214844,186.14393615722656,50.41999816894531,110.13984680175781,61.47368240356445,83.83999633789062
2026-08-24,559.3200073242188,135.0399932861328,333.20001220703125,62.00365447998047,34.30000305175781,1158.5345458984375,142.38999938964844,132.89999389648438,284.464599609375,215.6699981689453,1028.9505615234375,161.79200744628906,32.86000061035156,357.6199951171875,108.68000030517578,514.9500122070312,214.77000427246094,570.760009765625,98.97540283203125,185.9130859375,242.22000122070312,178.7470703125,110.16000366210938,442.8900146484375,192.31124877929688,50.43000030517578,109.87315368652344,61.8897819519043,86.69000244140625
2026-08-31,560.5599975585938,133.6699981689453,326.1600036621094,62.68000030517578,34.37919235229492,1116.56005859375,136.14999389648438,137.72000122070312,279.9757080078125,219.60000610351562,1038.6099853515625,160.7255401611328,33.06999969482422,358.6400146484375,107.7300033569336,493.54998779296875,217.72000122070312,573.010009765625,96.5535888671875,186.6300048828125,245.60000610351562,177.68072509765625,109.29000091552734,443.510009765625,193.23634338378906,51.650001525878906,108.43109893798828,62.78142166137695,89.97000122070312
2026-09-07,557.6099853515625,128.97999572753906,324.69000244140625,62.689998626708984,33.31010055541992,1079.6500244140625,128.50999450683594,138.82000732421875,275.5400085449219,208.3000030517578,1029.1800537109375,156.8783416748047,32.279998779296875,356.2300109863281,101.08000183105469,474.95001220703125,214.3800048828125,554.6099853515625,91.19000244140625,189.19000244140625,244.24000549316406,172.8672332763672,107.25,410.7099914550781,192.38087463378906,50.400001525878906,104.98397827148438,62.256343841552734,90.29000091552734
2026-09-14,544.3300170898438,125.91000366210938,311.55999755859375,57.72999954223633,32.67656326293945,1069.780029296875,124.95999908447266,131.77000427246094,276.010009765625,202.42999267578125,942.0,155.47000122070312,30.530000686645508,349.6700134277344,98.80999755859375,468.5899963378906,202.5800018310547,552.8699951171875,93.54000091552734,177.88999938964844,233.1699981689453,164.18699645996094,105.25,405.32000732421875,181.9063720703125,48.560001373291016,104.16000366210938,59.502166748046875,86.12000274658203
2026-09-21,493.0,121.69000244140625,308.8900146484375,56.70000076293945,32.686466217041016,1086.31005859375,118.41999816894531,134.27999877929688,264.4800109863281,200.1999969482422,935.4500122070312,154.30999755859375,30.920000076293945,343.05999755859375,96.66999816894531,468.70001220703125,196.30999755859375,551.3599853515625,93.55000305175781,175.72999572753906,225.63999938964844,159.32366943359375,99.02999877929688,403.29998779296875,180.38442993164062,47.65999984741211,105.51000213623047,58.77894592285156,82.97000122070312
2026-09-28,490.9100036621094,114.0199966430664,302.7799987792969,53.75,32.810001373291016,1059.6300048828125,111.75,128.5,263.1400146484375,194.72000122070312,902.5599975585938,150.14999389648438,30.65999984741211,332.3800048828125,90.29000091552734,441.3599853515625,190.30999755859375,535.9500122070312,90.33000183105469,171.39999389648438,221.02999877929688,158.2100067138672,96.69999694824219,386.2699890136719,175.9600067138672,46.45000076293945,104.62000274658203,57.5099983215332,80.44999694824219
